id|title|pages|cover|synopsis|publishDate|publisher|price|author|language|rating|totalReviews|categorySlug
B0C4CTPKF1|Braking Point : How Escalation of Commitment is Destroying the World (and How You Can Save Yourself)|438|https://m.media-amazon.com/images/I/41zqVJPSAQL.jpg|STOP TRYING TO OUTCRAZY THE CRAZIES Lately weve been hearing a lot about things escalating in a bad way Disagreements between friends and lovers escalate into screaming matches and threats iffy investments and bad bets escalate into financial ruin crazy conspiracies escalate into an attempt to overthrow the United States government One way or another we have fallen victim to escalation of commitment better known as EOC We are hardwired to make mountains out of molehills pour gasoline on a fire spiral out of control go over the edge cross the line and say things better left unsaid And like lemmings racing over a cliff we seem almost fated to go too far Despite reason and common sense telling us to quit while were ahead to cut our losses to get out while we can something keeps us escalating the crazy We just step on the gas and speed up the irrational EOC is pervasive insidious From the decisions we make in our personal lives and careers to those made by businesses organizations and nations EOC rules At best if were lucky maybe reality sets in hopefully but only after tremendous investments have been squandered or irreparable damage has been done Fortunately EOC can be avoided even stopped By understanding specific EOC motivations and effective strategies to diminish them more effective decisionmaking can result With this in mind Braking Point offers a detailed look at why we often get swallowed up in EOC scenarios and how we can avoid them Its an essential resource for anyone looking to enhance their decisionmaking capabilities in any area of their life|Wed Jan 01 2020 00:00:00 GMT-0500 (Peru Standard Time)|ViennaRose Publishing|11.1|Vincent deFilippo|English|5|14|business
B08H177WQP|Think Again: The Power of Knowing What You Don't Know|320|https://m.media-amazon.com/images/I/41aI6zvBz9S.jpg|1 New York Times Bestseller THIS This is the right book for right now Yes learning requires focus But unlearning and relearning requires much moreit requires choosing courage over comfort In Think Again Adam Grant weaves together research and storytelling to help us build the intellectual and emotional muscle we need to stay curious enough about the world to actually change it Ive never felt so hopeful about what I dont know Bren Brown PhD 1 New York Times bestselling author of Dare to Lead The 1 New York Times bestselling author of Originals Give and Takeand the forthcoming Hidden Potential examines the critical art of rethinking learning to question your opinions and open other peoples minds which can position you for excellence at work and wisdom in life Intelligence is usually seen as the ability to think and learn but in a rapidly changing world theres another set of cognitive skills that might matter more the ability to rethink and unlearn In our daily lives too many of us favor the comfort of conviction over the discomfort of doubt We listen to opinions that make us feel good instead of ideas that make us think hard We see disagreement as a threat to our egos rather than an opportunity to learn We surround ourselves with people who agree with our conclusions when we should be gravitating toward those who challenge our thought process The result is that our beliefs get brittle long before our bones We think too much like preachers defending our sacred beliefs prosecutors proving the other side wrong and politicians campaigning for approvaland too little like scientists searching for truth Intelligence is no cure and it can even be a curse being good at thinking can make us worse at rethinking The brighter we are the blinder to our own limitations we can become Organizational psychologist Adam Grant is an expert on opening other peoples mindsand our own As Whartons toprated professor and the bestselling author of Originals and Give and Take he makes it one of his guiding principles to argue like hes right but listen like hes wrong With bold ideas and rigorous evidence he investigates how we can embrace the joy of being wrong bring nuance to charged conversations and build schools workplaces and communities of lifelong learners Youll learn how an international debate champion wins arguments a Black musician persuades white supremacists to abandon hate a vaccine whisperer convinces concerned parents to immunize their children and Adam has coaxed Yankees fans to root for the Red Sox Think Again reveals that we dont have to believe everything we think or internalize everything we feel Its an invitation to let go of views that are no longer serving us well and prize mental flexibility over foolish consistency If knowledge is power knowing what we dont know is wisdom|Wed Jan 01 2020 00:00:00 GMT-0500 (Peru Standard Time)|Viking|13.1|Adam Grant|English|4.6|14263|business
B07P252R6Y|Emotional Intelligence: Why it is Crucial for Success in Life and Business - 7 Simple Ways to Raise Your EQ, Make Friends with Your Emotions, and Improve Your Relationships|46|https://m.media-amazon.com/images/I/51NGKxquAZL.jpg|Would you like to improve your relationships and learn how to recognize the triggers behind your emotions Would you like to learn how to manage your reaction to those emotions Do you think its time you start developing leadership skills Then this is a book for you Emotional Intelligence Why it is Crucial for Success in Life and Business 7 Simple Ways to Raise Your EQ Make Friends With Your Emotions and Improve Your Relationships explains how 7 simple daily practices can change the way you relate to others Inside youll discover What emotional intelligence is and why it matters How to apply the EQ principles in your everyday life How to listen to your emotions and reflect upon your response How to improve your people skills This book will become your essential guide to improving your professional and personal relationships It will show you how to recognize and interpret the motives behind yours and others behavior It will prepare you for the sophisticated and challenging workplace of the 21st century The new type of leadership calls for new skills and from this book youll learn how emotionally intelligent people deal with change and how this affects their career prospects An introduction to the world of responsible behavior successful teamwork and empathy Why it is Crucial for Success in Life and Business 7 Simple Ways to Raise Your EQ Make Friends With Your Emotions and Improve Your Relationships explains how to draw on your EQ to set yourself up for success Click Buy Now and start rasing your EQ today|Wed Jan 01 2020 00:00:00 GMT-0500 (Peru Standard Time)|Unknown Publisher|12.4|James W. Williams|English|4.2|1316|business
B099QVG1H8|$100M Offers: How To Make Offers So Good People Feel Stupid Saying No|210|https://m.media-amazon.com/images/I/41Vnk4D92HL.jpg|OVER 300000 COPIES SOLD Number 1 Amazon BEST SELLER over the last 74 weeks I took home more in a year than the CEOs of McDonalds IKEA Ford Motorola and Yahoocombinedas a kid in my twentiesusing the 100M Offer method It works And it will work for you Not that long ago though my business had gotten so bad that I literally couldnt even give my services away for free At the end of each month I would look at my bank account hoping to see progress but there wasnt I knew something had to changebut what Over the next 48 months I went from losing money to making 36 for every 1 spent In that time period we generated over 120000000 across four different industries service ecommerce software and brick mortar But unlike everyone else we didnt have great funnels great ads or a wealthy niche In fact we didnt even send emails until we had crossed 50M in sales Instead we were able to do this one thing really wellwe created offers so good people felt stupid saying no Heres exactly what this book will show you how to do How To Charge a Lot More Than You Currently Are a The Tiny Market Big Money Process we use to laser focus on niche markets overflowing with cash b The Unfair Pricing formulahow we 100xd our pricing and got more people to say yesfor real c The Value Flipso you never get price compared again thats a promise d The Virtuous Cycle of Priceuse it to outspend your competition for good while using your product to attract the best talent How To Make Your Product So Good Prospects Find A Way To Pay For It a The Unbeatable Value Equationto make what you sell worth more than your prospects have ever received b The Delivery Cubeto make delivering your products and services cost less but provide more c The Trim Stack Hackto maximize profit using the absolute best delivery methods This has never been shared publicly and was how we made 17M in profit on 28M in revenue in a year when I was 28 years old How To Enhance Your Offer So Much Prospects Buy Without Hesitating a The Scarcity Stackhow to use the three different types of scarcity in every offer you make without lying to get people to buy the moment you ask b The Everyday Urgency Blueprint to get prospects to buy RIGHT NOW using everyday life to create real ethical time pressure c Unbeatable Bonusesand watch your prospects hesitations melt away as they begin reading their credit cards to you before you even finish d Godmode Guaranteesso good they make anyone say yes even people who would never normally consider buying Ill show you how to stack and layer all 4 types of guarantees together I even give you my 13 favorite guarantees wordforword to swipe for yourself e Magic Naming Formula to get the absolute highest response rates and conversion rates from everything you do to get new clients and so much more The methods contained within this book are so simple so instantaneous and so effective its as if they work by magic If you implement even one tactic in this book youll see the change in your prospects demeanor And youll know the 100M Offer method worked when you start hearing What do I need to do to move forward before you even ask for the sale If you want to get more prospects to reply to your ads for less advertising dollars and get them to say YES to breathtaking pricesthen ADD TO CART use its contents and see for yourself|Wed Jan 01 2020 00:00:00 GMT-0500 (Peru Standard Time)|Unknown Publisher|11.1|Alex Hormozi|English|4.9|16267|business
B0C2QPWBP4|The PARA Method: Simplify, Organize, and Master Your Digital Life|203|https://m.media-amazon.com/images/I/41LAyDX0seL.jpg|This accessible guide expands upon the wellwritten cogent and useful David Allen author of Getting Things Done bestselling Building a Second Brain with actionable advice on how to improve your digital life in just a few minutes Living a modern life requires juggling a ton of information But we were never taught how to manage this information effectively so that we can find what we need when we need it In The PARA Method Tiago Forte outlines a simple and intuitive fourstep system that will help us sort all the information flooding our brains into four major categoriesProjects Areas Resources and Archivesallowing us to manage our commitments while achieving our goals and dreams Projects are specific shortterm efforts that you are actively working on with a certain goal in mind such as completing a website or renovating your bathroom Areas are the larger ongoing areas of responsibility health finances etc that encompass those specific projects Resources include content on a range of topics youre interested in or that could be useful for your projects and areas Archives include anything from the previous three categories that is now inactive but you want to save for future reference With his easytounderstand and engaging voice Forte outlines his best practices and tips on how to successfully implement PARA along with deep dives on everything from how to adopt habits to stay organized to how to use this system to enhance your focus The PARA Method can be implemented in just seconds but has the power to transform the trajectory of your work and life using the power of digital organization|Wed Jan 01 2020 00:00:00 GMT-0500 (Peru Standard Time)|Atria Books|11.1|Tiago Forte|English|4.4|87|business
B08RWDDQ6Z|The Clutter Connection: How Your Personality Type Determines Why You Organize the Way You Do (From the host of HGTVâ€™s Hot Mess House) (Clutterbug)|266|https://m.media-amazon.com/images/I/41Vjm18TfIL.jpg|Get Organized Be More Productive and Finally Understand the Why Behind Your Clutter 1 Best Seller in Time Management Home Improvements Cleaning Caretaking Relocating and Small Homes Cottages The host of HGTVs HOT MESS HOUSE helps you know your habits declutter your space and discover your unique organizing personality type and strategies for a more productive and clutterfree life An organization book for diverse habits Youre not messy you just organize differently The Clutter Connection examines and explains the correlation between brain types and how they directly relate to organization and clutter Cassandra Aarssen smashes the stereotype that some people are naturally messy and offers readers insight and reallife solutions based on their unique personal organizing style The Clutter Connection will help you get organized be more productive and finally understand the why behind your clutter Individualized real life organizing Organizing isnt one size fits all Let go of the preconceived and conventional notions of what organization looks like and finally discover what type Clutterbug you are With selfawareness comes happiness personal growth and lasting change The Clutter Connection examines The four different organizing styles and how they relate to each other How motivation and happiness can be directly affected by our space The 3PsProductivity procrastination and perfectionism and how they are connected to your unique organizing style How you can finally become clutterfree simply by knowing yourself better Also read Cas Aarssens other best selling home organizing books Real Life Organizing Cluttered Mess to Organized Success and The Declutter Challenge|Wed Jan 01 2020 00:00:00 GMT-0500 (Peru Standard Time)|Mango|12.4|Cassandra Aarssen|English|4.7|1443|business
B0BLJ5ZHXT|Stay Sane in an Insane World: How to Control the Controllables and Thrive|246|https://m.media-amazon.com/images/I/41FJG4ahE6L.jpg|What I learned from Greg is still a part of who I am todayTom Brady 7time Super Bowl champion Greg Harden changes lives This is why hundreds of worldclass athletes doctors lawyers teachers business leaders college students and professionals from all walks of life have come to him for advice and directionincluding 7time Super Bowl Champion Tom Brady 23time Olympic Gold Medalist Michael Phelps Heisman Trophy winners Desmond Howard and Charles Woodson CEOs of major companies and championship coaching staffs from all over the world Harden teaches his students how to practice train and rehearse to give 100 percent 100 percent of the time and challenges them by asking If you dont believe in yourself why should I believe in you Champions arent born Theyre built Greg Harden spent over 30 years building them at the University of Michigan including 400 future professional athletes 50 NFL firstround draft picks and 120 Olympians from over 20 countries He gained national recognition when 60 Minutes Sports profiled him as Michigans Secret Weapon Now in his first book Greg Harden is reaching out to helpanyone who wants to live their best life by offering powerful and practical advice You will learn to Stop being afraid of being afraid Fear and selfdoubt are the enemy As soon as you learn that fear and selfdoubt are predictable they become manageable Control the controllables How you control your own emotions reactions and responses to circumstances is what you must master first You are the only one who has control over your mind Stop letting others determine the way you feel about yourself Commit improve and maintain Learn to build better habits Making small improvements every day is the secret to a completely transformed life Become the worlds greatest expert on yourself Its the only way to become the very best version of yourself Practice selflove and selfacceptance These are the keys to eliminating and replacing selfdefeating attitudes and behaviors This is a oneofakind book that will give you the indispensable lessons and tools necessary to create real change in your life|Wed Jan 01 2020 00:00:00 GMT-0500 (Peru Standard Time)|Blackstone Publishing|10.9|Greg Harden|English|4.8|8|business
B077XCPTLT|The 5AM Club: Own Your Morning. Elevate Your Life.|312|https://m.media-amazon.com/images/I/41QKRLgR0uL.jpg|Legendary leadership and elite performance expert Robin Sharma introduced The 5am Club concept over twenty years ago based on a revolutionary morning routine that has helped his clients maximize their productivity activate their best health and bulletproof their serenity in this age of overwhelming complexity Now in this lifechanging book handcrafted by the author over a rigorous fouryear period you will discover the earlyrising habit that has helped so many accomplish epic results while upgrading their happiness helpfulness and feelings of aliveness Through an enchantingand often amusingstory about two struggling strangers who meet an eccentric tycoon who becomes their secret mentor The 5am Club will walk you through How great geniuses business titans and the worlds wisest people start their mornings to produce astonishing achievements A littleknown formula you can use instantly to wake up early feeling inspired focused and flooded with a fiery drive to get the most out of each day A stepbystep method to protect the quietest hours of daybreak so you have time for exercise selfrenewal and personal growth A neurosciencebased practice proven to help make it easy to rise while most people are sleeping giving you precious time for yourself to think express your creativity and begin the day peacefully instead of being rushed Insideronly tactics to defend your gifts talents and dreams against digital distraction and trivial diversions so you enjoy fortune influence and a magnificent impact on the world Part manifesto for mastery part playbook for geniusgrade productivity and part companion for a life lived beautifully The 5am Club is a work that will transform your life Forever|Wed Jan 01 2020 00:00:00 GMT-0500 (Peru Standard Time)|HarperCollins Publishers|15.1|Robin Sharma|English|4.5|29429|business
B01069X4H0|The 7 Habits of Highly Effective People: Infographics Edition: Powerful Lessons in Personal Change|556|https://m.media-amazon.com/images/I/41mA50L+gQL.jpg|The Infographics Edition Dr Coveys emphasis on selfrenewal and his understanding that leadership and creativity require us to tap into our own physical mental and spiritual resources are exactly what we need now Arianna Huffington Wall Street Journal Best Seller 1 Best Seller in Leadership Personal Success and Finance SelfHelp Commemorate the timeless wisdom and power of Stephen Coveys cherished classic The 7 Habits of Highly Effective People and do it in a highly readable and understandable infographics format Dr Coveys 7 Habits book is one of the most inspiring and impactful books ever written Now you can enjoy and learn critical lessons about the habits of successful people and enrich your lifes experience And its in an infographics format that makes it easy for you to learn and apply Dr Coveys 7 Habits Learn the habits of successful people The 7 Habits of Highly Effective People has captivated readers for over 30 years and sold over 40 million internationally It has transformed the lives of Presidents and CEOs educators parents and studentsin short millions of people of all ages and occupations have benefited from Dr Coveys 7 Habits book And it can transform you The 7 Habits of Highly Effective People Infographics Edition guides you through each habit stepbystep Habit 1 Be Proactive Habit 2 Begin With The End In Mind Habit 3 Put First Things First Habit 4 Think WinWin Habit 5 Seek First To Understand Then Be Understood Habit 6 Synergize Habit 7 Sharpen The Saw If you are a fan of The 7 Habits you will want to also try The 7 Habits of Highly Effective People 30th Anniversary Card Deck The 7 Habits on the Go Timeless Wisdom for a Rapidly Changing World and The 7 Habits of Highly Effective People 30th Anniversary Guided Journal|Wed Jan 01 2020 00:00:00 GMT-0500 (Peru Standard Time)|Mango|10.9|Stephen R. Covey|English|4.6|18992|business
B0CFKS2MBQ|Radical Self Love: How To Ignite Your Light Through Creativity (The Creative Lifebook Book 2)|376|https://m.media-amazon.com/images/I/41TrzhP--CL.jpg|The external experiences that we manifest at every moment of our lives always reflect our internal state of consciousness With the help of the wisdom youll find on these pages youll learn the art of cultivating selflove which is the key to manifesting any outcome you desire to create The sixtythree experts assembled here each offer their unique wisdom as it relates to the many aspects of selflove and on these pages youll find tool after tool for releasing the past transforming your wounds into wisdom and opening yourself to receive the abundance of life that is your birthright Christy Witman Foreword Author With contributing authors Amber Price Angie Nordstrum Anne Almeida Annette Walters Ariella S Cohen Bonnie McVee Carey Kirkella Carol Arscott Cate Raphael Colleen Brown Courtney Barnard Daniel Cohen Dawn Bova Diana Knezevici Diana Stelin Diane Hunt Dr Zerri Dr Z Gross Ekaterina Popova Elizabeth King Emily Rose Esther Joy Maruani Grigsby Freeman Irene Vivanco Jane Bellante Jennifer Watson Jenny Schuster Jo Davis Joan Fullerton Joann Renner Joanne Enders Karen Stephenson Kat Breedlove Kathy Frederick Kelly Clark Kim Brunson Kristen Hoard Kyle Hollingsworth Laurie Koralewski Linda Damgaard Linda Samuels Maggie OHara Maria Tedjamulia Michaelene Shannon Misty Fulgencio Phyllis Abbott Prissy Elrod Rebecca Rosas Rachel Bush Ree Freeman Shannon Heap Sharon Goodenough Susan Pepler Susaye Greene Tamara Mulkey Tayler Ava Friar Theresa Allen Tina Marie Romero Tonia Majors Tracey Bowden Walker Freeman Wendy Cooper Wendy Drews|Wed Jan 01 2020 00:00:00 GMT-0500 (Peru Standard Time)|Illuminated Press|13.1|Jessica Hughes|English|4.9|91|business
B07GNXPP4P|I Will Teach You to Be Rich: No Guilt. No Excuses. Just a 6-Week Program That Works (Second Edition)|353|https://m.media-amazon.com/images/I/51yRZmErU0L.jpg|As seen on the new NETFLIX series The groundbreaking NEW YORK TIMES and WALL STREET JOURNAL BESTSELLER that taught a generation how to earn more save more and live a rich lifenow in a revised 2nd edition Buy as many lattes as you want Choose the right accounts and investments so your money grows for youautomatically Best of all spend guiltfree on the things you love Personal finance expert Ramit Sethi has been called a wealth wizard by Forbes and the new guru on the block by Fortune Now hes updated and expanded his modern money classic for a new age delivering a simple powerful noBS 6week program that just works I Will Teach You to Be Rich will show you How to crush your debt and student loans faster than you thought possible How to set up nofee highinterest bank accounts that wont gouge you for every penny How Ramit automates his finances so his money goes exactly where he wants it toand how you can do it too How to talk your way out of late fees with wordforword scripts How to save hundreds or even thousands per month and still buy what you love A setitandforgetit investment strategy thats dead simple and beats financial advisors at their own game How to handle buying a car or a house paying for a wedding having kids and other big expensesstress free The exact words to use to negotiate a big raise at work Plus this 10th anniversary edition features over 80 new pages including New tools New insights on money and psychology Amazing stories of how previous readers used the book to create their rich lives Master your moneyand then get on with your life|Wed Jan 01 2020 00:00:00 GMT-0500 (Peru Standard Time)|Workman Publishing Company Revised edition|6.1|Ramit Sethi|English|4.7|16733|business
B0BTDVLPQF|Gambler: Secrets from a Life at Risk|381|https://m.media-amazon.com/images/I/41kvXFzXckL.jpg|The wild and highly anticipated autobiography of Billy Waltersthe greatest and most controversial sports gambler ever ESPNwho shares his extraordinary life story reveals the secrets to his fiercely protected betting system and breaks his silence about Phil Mickelson Anybody can get lucky Nobody controls the odds like Billy Walters Widely regarded as the Michael Jordan of sports betting Walters is a living legend in Las Vegas and among sports bettors worldwide With an unmatched winning streak of thirtysix consecutive years Walters has become fabulously wealthy by placing hundreds of millions of dollars a year in gross wagers including one Super Bowl bet of 35 million alone Competitors desperate to crack his betting techniques have tried hacking his phones cloning his beepers rifling through his trash and bribing his employees Now after decades of avoiding the spotlight and fiercely protecting the keys to his success Walters has reached the age where he wants to pass along his wisdom to future generations of sports wagerers Gambler is more than a traditional autobiography In addition to sharing his againstallodds American dream story Walters reveals in granular detail the secrets of his proprietary betting system which will serve as a master class for anyone who wants to improve their odds at betting on sports Walters also breaks his silence about his long and complicated relationship with Hall of Fame professional golfer Phil Mickelson On a typical weekend gameday packed with college and pro sports Walters will bet 10 milliona small sum for someone as wealthy as he is today but an unbelievable fortune for the child who was raised by his grandmother in extreme poverty in rural Kentucky By the age of nine Walters became a shark at hustling pool and pitching pennies As a young adult he set records as a usedcar salesman hustled golf and dabbled in bookmaking He eventually moved to Las Vegas where he revolutionized sports betting strategy and became a member of the famed Computer Group the first syndicate to apply sophisticated algorithms and data analysis to sports gambling He became extraordinarily wealthy while overcoming addictions and outmaneuvering organized crime figures made infamous by Martin Scorseses film Casino In Gambler Walters passes along everything hes learned about sports betting First he shows bettors how to mine the information we have at our fingertips to develop a sophisticated betting strategy and handicapping system of our own He explains how even avid bettors often do not grasp all of the variables that go into making an informed wagerfactors such as home field advantage individual player values injuries or illness weather forecasts each teams previous schedule bye weeks multiple away games in a row etc travel distancedifficulty stadium quirks turf types and more Not every bettor has access to Walterss team of expert analysts but every bettor can follow his guidelines on how to measure the detailed information available online and look for unique situations that could affect a games outcome more than usual Variable by variable Walters breaks down the formulas point systems and principles that hes developed over decades of improving his craft A selfmade man whos repeatedly won it all lost it all and earned it all back again Walters has lived a singular and wildly appealing American life of the outlaw variety Gambler is at once a gripping autobiography a blistering tellall and an indispensable playbook for coming out on top|Wed Jan 01 2020 00:00:00 GMT-0500 (Peru Standard Time)|Avid Reader Press Simon Schuster|6.1|Billy Walters|English|3|0|business
B0BSHFVWFD|The ChatGPT Millionaire: Making Money Online has never been this EASY (Updated for GPT-4)|116|https://m.media-amazon.com/images/I/416toFaYhUL.jpg|This is the simplest guide on how to make money quickly and easily with ChatGPT Updated for GPT4 In this stepbystep guide I will share the secrets of how to Create passive income sources that keep on giving in minutes Research create and promote engaging content in seconds Seriously Impress your customers by getting their projects finished extremely fast with high quality with zero effort Get time back to focus on what really matters We currently live in a world where businesses are paying hundreds of dollars to people for writing engaging articles and blogs and thousands of dollars per month for social media marketing and SEO Now using ChatGPT anyone including you can do this really well even if you have no experience in this Most businesses are not aware of or are not using this right now which is where you can come in and undercut existing providers while doing almost zero work and I will show you how stepbystep with instructions you can copy and paste This market may become saturated a year from now but this is the right time to start GET The ChatGPT Millionaire Making money online has never been this EASY FREE BONUS Access to 150 powerful Act as prompts and every example from this book in a prompt swipe file Heres whats included in the book Learn ChatGPT tips and tricks thatll allow you to create great content in seconds Find out how to make money easily using ChatGPT Create passive income sources that keep making money for you long after you create them Become a superhuman freelancer with ChatGPT finish your clients project in minutes instead of days Create and repurpose social media content for various platforms in seconds Effortlessly research and write blog posts video scripts software applications online courses and more 150 Act as prompts thatll ensure you can use ChatGPT quickly and easily for whatever you need This book has specific examples of ChatGPT prompts and responses that will help you understand practical usage and give you templates you can start using immediately FREE Bonus Download a ChatGPT Prompt cheat sheet PDF format that gives you access to 150 powerful ACT AS Prompts and condenses the books examples into one PDF swipe file as an added bonus for buying this book Youll also get a free copy of Simple guide to wealth a nononsense guide that explains how to build wealth without any fluff Purchase The ChatGPT Millionaire now to get started on your journey to financial freedom Click on the BUY NOW button at the top of the page|Wed Jan 01 2020 00:00:00 GMT-0500 (Peru Standard Time)|Unknown Publisher|12.4|Neil Dagger|English|4.2|1785|business
B0030V0PEW|The Checklist Manifesto: How to Get Things Right|250|https://m.media-amazon.com/images/I/41Qn40zaexL.jpg|The New York Times bestselling author of Being Mortal and Complications reveals the surprising power of the ordinary checklist We live in a world of great and increasing complexity where even the most expert professionals struggle to master the tasks they face Longer training ever more advanced technologiesneither seems to prevent grievous errors But in a hopeful turn acclaimed surgeon and writer Atul Gawande finds a remedy in the humblest and simplest of techniques the checklist First introduced decades ago by the US Air Force checklists have enabled pilots to fly aircraft of mindboggling sophistication Now innovative checklists are being adopted in hospitals around the world helping doctors and nurses respond to everything from flu epidemics to avalanches Even in the immensely complex world of surgery a simple ninetysecond variant has cut the rate of fatalities by more than a third In riveting stories Gawande takes us from Austria where an emergency checklist saved a drowning victim who had spent half an hour underwater to Michigan where a cleanliness checklist in intensive care units virtually eliminated a type of deadly hospital infection He explains how checklists actually work to prompt striking and immediate improvements And he follows the checklist revolution into fields well beyond medicine from disaster response to investment banking skyscraper construction and businesses of all kinds An intellectual adventure in which lives are lost and saved and one simple idea makes a tremendous difference The Checklist Manifesto is essential reading for anyone working to get things right|Wed Jan 01 2020 00:00:00 GMT-0500 (Peru Standard Time)|Metropolitan Books 1st edition|10.9|Atul Gawande|English|4.5|13146|business
B084HJSJJ2|The Psychology of Money: Timeless lessons on wealth, greed, and happiness|224|https://m.media-amazon.com/images/I/41Ds5rRv+2L.jpg|Doing well with money isnt necessarily about what you know Its about how you behave And behavior is hard to teach even to really smart people Moneyinvesting personal finance and business decisionsis typically taught as a mathbased field where data and formulas tell us exactly what to do But in the real world people dont make financial decisions on a spreadsheet They make them at the dinner table or in a meeting room where personal history your own unique view of the world ego pride marketing and odd incentives are scrambled together In The Psychology of Money awardwinning author Morgan Housel shares 19 short stories exploring the strange ways people think about money and teaches you how to make better sense of one of lifes most important topics|Wed Jan 01 2020 00:00:00 GMT-0500 (Peru Standard Time)|Harriman House|8.9|Morgan Housel|English|4.7|38985|business
B0CFDR3TYV|$100M Leads: How to Get Strangers To Want To Buy Your Stuff|438|https://m.media-amazon.com/images/I/41YgWiQcBVL.jpg|You can get 2x 10x or 100x more leads than you currently are withoutchanging anything about what you sell This book contains the playbooks that took me from sleeping on my gym floor to owning a portfolio of companies that generate 200000000 per year in under a decade Wanna know the biggest difference between those two time periods How many leads I was getting The problem is most business owners dont know how to get leads I wrote this book to solve your LEADS problem Today our companies generate 20000 new leads per day across sixteen different industries And they do it using the eight nevergohungry playbooks inside Once you see them you cant unsee them Theyre so powerful they work without your permission Inside you will find The easiest way to get another five customers tomorrow The hookretainreward system to transforms content into leads The 6part ad framework that gets more people especially strangers to want what you sell The one question that immediately turns any stranger no matter how cold into a hot lead The 7 direct referral methods responsible for 30 of my sales The affiliate playbook that gets hundreds of other businesses to advertise your stuff for free The agency agreement that gets them to teach you their leadgetting secrets at no cost The howtogetpeopleoffthestreetsandgettingyouleads in under 2 weeks framework and everything else that got our companies boatloads of leadsfast And the best part isyou can use these playbooks to get more leads within an hour of reading this book You just have to know where to lookand the first place is inside If you want to get more leads for your businessthen ADD TO CART use its contents and see for yourself|Wed Jan 01 2020 00:00:00 GMT-0500 (Peru Standard Time)|Unknown Publisher|11.1|Alex Hormozi|English|3|0|business
B07J4YT2HB|Surrounded by Idiots: The Four Types of Human Behavior and How to Effectively Communicate with Each in Business (and in Life) (The Surrounded by Idiots Series)|293|https://m.media-amazon.com/images/I/41rWzmdpuiL.jpg|Do you ever think youre the only one making any sense Or tried to reason with your partner with disastrous results Do long rambling answers drive you crazy Or does your colleagues abrasive manner rub you the wrong way You are not alone After a disastrous meeting with a highly successful entrepreneur who was genuinely convinced he was surrounded by idiots communication expert and bestselling author Thomas Erikson dedicated himself to understanding how people function and why we often struggle to connect with certain types of people Surrounded by Idiots is an international phenomenon selling over 15 million copies worldwide It offers a simple yet groundbreaking method for assessing the personalities of people we communicate with in and out of the office based on four personality types Red Blue Green and Yellow and provides insights into how we can adjust the way we speak and share information Erikson will help you understand yourself better hone communication and social skills handle conflict with confidence improve dynamics with your boss and team and get the best out of the people you deal with and manage He also shares simple tricks on body language improving written communication advice on when to back away or when to push on and when to speak up or shut up Packed with aha and oh no moments Surrounded by Idiots will help you understand and communicate with those around you even people you currently think are beyond all comprehension And with a bit of luck you can also be confident that the idiot out there isnt you|Wed Jan 01 2020 00:00:00 GMT-0500 (Peru Standard Time)|St Martins Essentials|14.1|Thomas Erikson|English|4.5|7680|business
B00555X8OA|Thinking, Fast and Slow|514|https://m.media-amazon.com/images/I/41shZGS-G+L.jpg|Major New York Times bestseller Winner of the National Academy of Sciences Best Book Award in 2012 Selected by the New York Times Book Review as one of the ten best books of 2011 A Globe and Mail Best Books of the Year 2011 Title One of The Economists 2011 Books of the Year One of The Wall Street Journals Best Nonfiction Books of the Year 2011 2013 Presidential Medal of Freedom Recipient Kahnemans work with Amos Tversky is the subject of Michael Lewiss The Undoing Project A Friendship That Changed Our Minds In his mega bestseller Thinking Fast and Slow Daniel Kahneman the renowned psychologist and winner of the Nobel Prize in Economics takes us on a groundbreaking tour of the mind and explains the two systems that drive the way we think System 1 is fast intuitive and emotional System 2 is slower more deliberative and more logical The impact of overconfidence on corporate strategies the difficulties of predicting what will make us happy in the future the profound effect of cognitive biases on everything from playing the stock market to planning our next vacationeach of these can be understood only by knowing how the two systems shape our judgments and decisions Engaging the reader in a lively conversation about how we think Kahneman reveals where we can and cannot trust our intuitions and how we can tap into the benefits of slow thinking He offers practical and enlightening insights into how choices are made in both our business and our personal livesand how we can use different techniques to guard against the mental glitches that often get us into trouble Winner of the National Academy of Sciences Best Book Award and the Los Angeles Times Book Prize and selected by The New York Times Book Review as one of the ten best books of 2011 Thinking Fast and Slow is destined to be a classic|Wed Jan 01 2020 00:00:00 GMT-0500 (Peru Standard Time)|Farrar Straus and Giroux 1st edition|7.1|Daniel Kahneman|English|4.6|40694|business
B0024CEZR6|The 48 Laws of Power|864|https://m.media-amazon.com/images/I/41EhEN9nsmL.jpg|Amoral cunning ruthless and instructive this multimillioncopy New York Times bestseller is the definitive manual for anyone interested in gaining observing or defending against ultimate control from the author of The Laws of Human Nature In the book that People magazine proclaimed beguiling and fascinating Robert Greene and Joost Elffers have distilled three thousand years of the history of power into 48 essential laws by drawing from the philosophies of Machiavelli Sun Tzu and Carl Von Clausewitz and also from the lives of figures ranging from Henry Kissinger to PT Barnum Some laws teach the need for prudence Law 1 Never Outshine the Master others teach the value of confidence Law 28 Enter Action with Boldness and many recommend absolute selfpreservation Law 15 Crush Your Enemy Totally Every law though has one thing in common an interest in total domination In a bold and arresting twocolor package The 48 Laws of Power is ideal whether your aim is conquest selfdefense or simply to understand the rules of the game|Wed Jan 01 2020 00:00:00 GMT-0500 (Peru Standard Time)|Penguin Books 1st edition|13.1|Robert Greene|English|4.7|67782|business
B07C7M8SX9|Rich Dad Poor Dad: What the Rich Teach Their Kids About Money That the Poor and Middle Class Do Not!|336|https://m.media-amazon.com/images/I/51u8ZRDCVoL.jpg|Its been nearly 25 years since Robert Kiyosakis Rich Dad Poor Dad first made waves in the Personal Finance arena It has since become the 1 Personal Finance book of all time translated into dozens of languages and sold around the world Rich Dad Poor Dad is Roberts story of growing up with two dads his real father and the father of his best friend his rich dad and the ways in which both men shaped his thoughts about money and investing The book explodes the myth that you need to earn a high income to be rich and explains the difference between working for money and having your money work for you 20 Years 2020 Hindsight In the 20th Anniversary Edition of this classic Robert offers an update on what weve seen over the past 20 years related to money investing and the global economy Sidebars throughout the book will take readers fast forward from 1997 to today as Robert assesses how the principles taught by his rich dad have stood the test of time In many ways the messages of Rich Dad Poor Dad messages that were criticized and challenged two decades ago are more meaningful relevant and important today than they were 20 years ago As always readers can expect that Robert will be candid insightful and continue to rock more than a few boats in his retrospective Will there be a few surprises Count on it Rich Dad Poor Dad Explodes the myth that you need to earn a high income to become rich Challenges the belief that your house is an asset Shows parents why they cant rely on the school system to teach their kids about money Defines once and for all an asset and a liability Teaches you what to teach your kids about money for their future financial success Rich Dad Poor Dad is Roberts story of growing up with two dads his real father and the father of his best friend his rich dad and the ways in which both men shaped his thoughts about money and investing The book explodes the myth that you need to earn a high income to be rich and explains the difference between working for money and having your money work for you 20 Years 2020 Hindsight In the 20th Anniversary Edition of this classic Robert offers an update on what weve seen over the past 20 years related to money investing and the global economy Sidebars throughout the book will take readers fast forward from 1997 to today as Robert assesses how the principles taught by his rich dad have stood the test of time In many ways the messages of Rich Dad Poor Dad messages that were criticized and challenged two decades ago are more meaningful relevant and important today than they were 20 years ago As always readers can expect that Robert will be candid insightful and continue to rock more than a few boats in his retrospective Will there be a few surprises Count on it Rich Dad Poor Dad Explodes the myth that you need to earn a high income to become rich Challenges the belief that your house is an asset Shows parents why they cant rely on the school system to teach their kids about money Defines once and for all an asset and a liability Teaches you what to teach your kids about money for their future financial success|Wed Jan 01 2020 00:00:00 GMT-0500 (Peru Standard Time)|Plata Publishing|7.1|Robert T. Kiyosaki|English|4.7|90714|business
B086RZNHCS|The Power of Discipline: How to Use Self Control and Mental Toughness to Achieve Your Goals|134|https://m.media-amazon.com/images/I/41HTb6Rv+7L.jpg|Have you spent weeks months or even years trying to achieve your goals but keep failing Have you given up on becoming successful because your futile efforts have led you to believe that success is only for the select few If you have answered yes to any of these questionsdont worry there is still hope for you Before you can achieve anything in life you need a solid foundation of selfdiscipline Talent intelligence and skill are only a part of the equation Positive thinking affirmations and vision boards are only a part of the equation If you want to turn your dreams into reality you need selfdiscipline Selfdiscipline is what will keep you focused when all hell is breaking loose and it looks like you are one step away from failure It will give you the mental toughness required to dismantle the limitations you have placed on yourself and break through all obstacles standing in the way of your goals How would you feel if I told you that your inability to achieve your goals does not arise because you are lazy or lack drive but rather its a problem because you have never been taught how to practice selfdiscipline People are not born with selfdiscipline Like driving or playing tennis its a skill that you learn In The Power of Discipline you will gain access to easytoread scientific explanations about selfdiscipline including How to master selfdiscipline by targeting certain areas of the brain The Navy SEALs secrets to selfdiscipline The Zen Buddhists secrets to selfdiscipline How to make hardwork exciting How to ditch your bad habits and adopt the habits of successful people Strategies to keep going when your motivation runs out And much much more By applying the principles in this book you will develop your selfdiscipline bulldoze through toward your goals become an unstoppable force of nature and start living the life you know you deserve Its impossible to buy back the time you have lost but you can take control of your future Discover the Secrets to SelfDiscipline Today by Clicking the Buy now with 1Click Button at the Top of the Page|Wed Jan 01 2020 00:00:00 GMT-0500 (Peru Standard Time)|Unknown Publisher|8.9|Daniel Walter|English|4.6|4435|business
B0CDSVHQ35|Now Leaving Numb: Break Free from Numb & Embrace Your True SELFF for Success|250|https://m.media-amazon.com/images/I/51x+G7qGcfL.jpg|In Now Leaving Numb Ilissa Goman shares her remarkable journey of triumph over emotional addiction guiding women entrepreneurs on a transformative path to authenticity and success With a deeply personal and relatable narrative Ilissa weaves her own experiences of overcoming abuse depression and anxiety into the fabric of her empowering SELFF method This method encompassing Success Vision Empowered Views Life Goals Financial Mindset and Friction provides practical tools and insights to help readers fall back in love with their work and create the life of their dreams Through relatable stories and thoughtprovoking activation sections readers are invited to reflect on their own lives and business journeys Ilissas selftaught expertise from being The Girl at the Gas Station to owning a thriving business strategy and marketing company serves as inspiration and proof that transformation is within reach The book includes activation section questions for personal growth along with a specially curated music playlist and an illustrated map to infuse joy and excitement into the transformative process Now Leaving Numb is a guidebook for women entrepreneurs or those aspiring to become entrepreneurs It is a roadmap for reclaiming authenticity overcoming mental blocks and embracing ones true self in the pursuit of business success With this book as a companion readers will be empowered to unlock their full potential create a thriving business aligned with their passions and design a life filled with purpose and fulfillment|Wed Jan 01 2020 00:00:00 GMT-0500 (Peru Standard Time)|pinkfix Productions|15.1|Ilissa Goman|English|3|0|business
B014DUR7L2|Never Split the Difference: Negotiating As If Your Life Depended On It|260|https://m.media-amazon.com/images/I/51yKczFDuQL.jpg|A former international hostage negotiator for the FBI offers a new fieldtested approach to highstakes negotiationswhether in the boardroom or at home After a stint policing the rough streets of Kansas City Missouri Chris Voss joined the FBI where his career as a hostage negotiator brought him facetoface with a range of criminals including bank robbers and terrorists Reaching the pinnacle of his profession he became the FBIs lead international kidnapping negotiator Never Split the Difference takes you inside the world of highstakes negotiations and into Vosss head revealing the skills that helped him and his colleagues succeed where it mattered most saving lives In this practical guide he shares the nine effective principlescounterintuitive tactics and strategiesyou too can use to become more persuasive in both your professional and personal life Life is a series of negotiations you should be prepared for buying a car negotiating a salary buying a home renegotiating rent deliberating with your partner Taking emotional intelligence and intuition to the next level Never Split the Difference gives you the competitive edge in any discussion|Wed Jan 01 2020 00:00:00 GMT-0500 (Peru Standard Time)|Harper Business 1st edition|7.1|Chris Voss|English|4.7|40838|business
B08FGV64B1|Four Thousand Weeks: Time Management for Mortals|290|https://m.media-amazon.com/images/I/412kxZO5s7L.jpg|AN INSTANT NEW YORK TIMES BESTSELLER Provocative and appealing well worth your extremely limited time Barbara Spindel The Wall Street Journal The average human lifespan is absurdly insultingly brief Assuming you live to be eighty you have just over four thousand weeks Nobody needs telling there isnt enough time Were obsessed with our lengthening todo lists our overfilled inboxes worklife balance and the ceaseless battle against distraction and were deluged with advice on becoming more productive and efficient and life hacks to optimize our days But such techniques often end up making things worse The sense of anxious hurry grows more intense and still the most meaningful parts of life seem to lie just beyond the horizon Still we rarely make the connection between our daily struggles with time and the ultimate time management problem the challenge of how best to use our four thousand weeks Drawing on the insights of both ancient and contemporary philosophers psychologists and spiritual teachers Oliver Burkeman delivers an entertaining humorous practical and ultimately profound guide to time and time management Rejecting the futile modern fixation on getting everything done Four Thousand Weeks introduces readers to tools for constructing a meaningful life by embracing finitude showing how many of the unhelpful ways weve come to think about time arent inescapable unchanging truths but choices weve made as individuals and as a societyand that we could do things differently|Wed Jan 01 2020 00:00:00 GMT-0500 (Peru Standard Time)|Farrar Straus and Giroux|11.1|Oliver Burkeman|English|4.6|7950|business
B01DBAUZT6|Great Ceos Are Lazy: How Exceptional Ceos Do More in Less Time|174|https://m.media-amazon.com/images/I/51F2Qy-MQXL.jpg|How do the really exceptional CEOs get more done in less time than everyone else What is their technique for getting their work done while still having the time to spend pursuing hobbies and spending quality time with their friends and family The truth is that great and lazy CEOs know a secret when it comes to time management Rather than spending a little time on a lot of things the best CEOs spend most of their time eliminating the single biggest constraint to the growth of their business They spend a lot of time diagnosing this constraint before taking action This process is similar to looking for the kink in a garden hose so you can get the flow going again These is no use trying to unkink the hose until you find the actual problem Depending on the nature of the constraint they engage in fixing the kink in the hose using one of five different roles the Learner Architect Coach Engineer or Player that together form the archetype for great leadership These are all high leverage roles that create a permanent improvement in the business This insight isnt just some theory either it s derived directly from working with thousands of CEOs running high growth companies The trick to being great and lazy is to only work at the point of constraint and avoid all work that doesnt increase organizational capacity Lazy CEOs have a series of well developed tools to properly avoid this nonvalue work I choose a lazy person to do a hard job Because a lazy person will find an easy way to do it Bill Gates So do you want to keep working hard Or would you rather get busy being lazy|Wed Jan 01 2020 00:00:00 GMT-0500 (Peru Standard Time)|BookBaby 1st edition|7.1|Jim Schleckser|English|4.5|114|business
B01L8C4WKC|Captivate: The Science of Succeeding with People|314|https://m.media-amazon.com/images/I/51X-pAaFTQL.jpg|Do you feel awkward at networking events Do you wonder what your date really thinks of you Do you wish you could decode people You need to learn the science of people As a human behavior hacker Vanessa Van Edwards created a research lab to study the hidden forces that drive us And shes cracked the code In Captivate she shares shortcuts systems and secrets for taking charge of your interactions at work at home and in any social situation These arent the people skills you learned in school This is the first comprehensive science backed real life manual on how to captivate anyoneand a completely new approach to building connections Just like knowing the formulas to use in a chemistry lab or the right programming language to build an app Captivate provides simple ways to solve people problems Youll learn for example How to work a room Every party networking event and social situation has a predictable map Discover the sweet spot for making the most connections How to read faces Its easier than you think to speedread facial expressions and use them to predict peoples emotions How to talk to anyone Every conversation can be memorableonce you learn how certain words generate the pleasure hormone dopamine in listeners When you understand the laws of human behavior your influence impact and income will increase significantly Whats more you will improve your interpersonal intelligence make a killer first impression and build rapport quickly and authentically in any situationnegotiations interviews parties and pitches Youll never interact the same way again|Wed Jan 01 2020 00:00:00 GMT-0500 (Peru Standard Time)|Portfolio|14.1|Vanessa Van Edwards|English|4.6|3113|business
B00WTFVHX8|The Stephen R. Covey Interactive Reader - 4 Books in 1: The 7 Habits of Highly Effective People, First Things First, and the Best of the Most Renowned Leadership Teacher of our Time|250|https://m.media-amazon.com/images/I/51PoCMrJ2WL.jpg|Four Stephen Covey Favorites in One Interactive Book Your roadmap to success For 30 years Stephen R Coveys stepbystep motivational lessons have helped millions of people lead successful and satisfying lives Now a collection of Stephen R Coveys most famous works supported with videos explanatory infographics selftests and more is here to continue those valuable lessons The Stephen R Covey Interactive Reader includes The 7 Habits of Highly Effective People This book has captivated readers for 25 years It has transformed the lives of Presidents and CEOs educators parents and studentsin short millions of people of all ages and occupations have benefited from Dr Coveys 7 Habits book And it can transform you First Things First Dr Coveys principlecentered approach for prioritizing gives you time management tips that enable you to make changes and sacrifices needed in order to obtain happiness and retain a feeling of security It is the gold standard for time management books Great Work Great Career Coauthored with Jennifer Colosimo the authors tell us to not just settle for a job you want a great job As we live through successive economic earthquakes that shake the core of our society it can be difficult to maintain your footing Still there is a positive side to these tumultuous times provided you are willing to take a chance and go with it Learn how to welcome this wild and demanding new world and embrace the opportunities it presents Predictable Results in Unpredictable Times These days the only certainty is uncertainty The business world is constantly changing and trying to predict trends can feel like an impossible task Yet successful companies perform at the highest levels despite the everchanging world This book details the four essentials for getting the best from business and yourself through easy and hard times|Wed Jan 01 2020 00:00:00 GMT-0500 (Peru Standard Time)|Mango Media Inc|8.9|Stephen R. Covey|English|4.5|151|business
B0BW9TRGKV|Elon Musk|250|https://m.media-amazon.com/images/I/51M+z-t6QFL.jpg|From the author of Steve Jobs and other bestselling biographies this is the astonishingly intimate story of the most fascinating and controversial innovator of our eraa rulebreaking visionary who helped to lead the world into the era of electric vehicles private space exploration and artificial intelligence Oh and took over Twitter When Elon Musk was a kid in South Africa he was regularly beaten by bullies One day a group pushed him down some concrete steps and kicked him until his face was a swollen ball of flesh He was in the hospital for a week But the physical scars were minor compared to the emotional ones inflicted by his father an engineer rogue and charismatic fantasist His fathers impact on his psyche would linger He developed into a tough yet vulnerable manchild prone to abrupt JekyllandHyde mood swings with an exceedingly high tolerance for risk a craving for drama an epic sense of mission and a maniacal intensity that was callous and at times destructive At the beginning of 2022after a year marked by SpaceX launching thirtyone rockets into orbit Tesla selling a million cars and him becoming the richest man on earthMusk spoke ruefully about his compulsion to stir up dramas I need to shift my mindset away from being in crisis mode which it has been for about fourteen years now or arguably most of my life he said It was a wistful comment not a New Years resolution Even as he said it he was secretly buying up shares of Twitter the worlds ultimate playground Over the years whenever he was in a dark place his mind went back to being bullied on the playground Now he had the chance to own the playground For two years Isaacson shadowed Musk attended his meetings walked his factories with him and spent hours interviewing him his family friends coworkers and adversaries The result is the revealing inside story filled with amazing tales of triumphs and turmoil that addresses the question are the demons that drive Musk also what it takes to drive innovation and progress|Wed Jan 01 2020 00:00:00 GMT-0500 (Peru Standard Time)|Simon Schuster|9.9|Walter Isaacson|English|3|0|business
B0BHTPDXBB|Your Time With The Baton: Winning the Relay Race of Family Wealth Stewardship|113|https://m.media-amazon.com/images/I/41SlmRbDStL.jpg|A massive train of wealth transfer is bearing down on society and it is not going to stop During the next quarter century the United States will experience the largest transfer of wealth in modern history According to the financial consulting firm Cerulli Associates over the next twentyfive years forty five million households will transfer an estimated 684 trillion to the next generation If your family is among those participating in this transfer there are many significant actions you need to take because doing it well will affect the lives of everyone in your family and their descendants and the life of our society as a whole Effective wealth transfer requires intelligent dialogue with and consideration for each inheritor and the whole family In Your Time with the Baton Steve Braverman a veteran wealth manager and man of wealth himself provides you with an intimate perspective on how to make this happen|Wed Jan 01 2020 00:00:00 GMT-0500 (Peru Standard Time)|Advantage Books|8.9|Steve Braverman|English|5|12|business
B0C5DNW987|Going Infinite: The Rise and Fall of a New Tycoon|250|https://m.media-amazon.com/images/I/41P2OAEeKsL.jpg|From the 1 bestselling author of The Big Short and Flash Boys the story of FTXs spectacular collapse and the enigmatic founder at its center When Michael Lewis first met him Sam BankmanFried was the worlds youngest billionaire and cryptos Gatsby CEOs celebrities and leaders of small countries all vied for his time and cash after he catapulted practically overnight onto the Forbes billionaire list Who was this rumpled guy in cargo shorts and limp white socks whose eyes twitched across Zoom meetings as he played video games on the side In Going Infinite Lewis sets out to answer this question taking readers into the mind of BankmanFried whose rise and fall offers an education in highfrequency trading cryptocurrencies philanthropy bankruptcy and the justice system Both psychological portrait and financial rollercoaster ride Going Infinite is Michael Lewis at the top of his game tracing the mindbending trajectory of a character who never liked the rules and was allowed to live by his ownuntil it all came undone|Wed Jan 01 2020 00:00:00 GMT-0500 (Peru Standard Time)|W W Norton Company|14.1|Michael Lewis|English|3|0|business
